{
  "id": "/subscriptions/52bfebd0-e51a-42db-a9d6-7645bfd0ffc2/resourceGroups/RGs/providers/Microsoft.Resources/deployments/Microsoft.Compute-BootDiagnostics-20211110155925",
  "name": "Microsoft.Compute-BootDiagnostics-20211110155925",
  "type": "Microsoft.Resources/deployments",
  "tags": {
    "primaryResourceId": "/subscriptions/52bfebd0-e51a-42db-a9d6-7645bfd0ffc2/resourcegroups/RGs/providers/Microsoft.Storage/storageAccounts/diag123"
  },
  "properties": {
    "templateHash": "5916854728931980879",
    "parameters": {},
    "mode": "Incremental",
    "debugSetting": {
      "detailLevel": "None"
    },
    "provisioningState": "Succeeded",
    "timestamp": "2021-11-10T10:31:14.7594022Z",
    "duration": "PT27.5727514S",
    "correlationId": "ad3159e8-0046-4948-8dd5-1ebe6d3ec004",
    "providers": [
      {
        "namespace": "Microsoft.Storage",
        "resourceTypes": [
          {
            "resourceType": "storageAccounts",
            "locations": [
              "centralus"
            ]
          }
        ]
      }
    ],
    "dependencies": [],
    "outputResources": [
      {
        "id": "/subscriptions/52bfebd0-e51a-42db-a9d6-7645bfd0ffc2/resourceGroups/RGs/providers/Microsoft.Storage/storageAccounts/diag123"
      }
    ],
    "validationLevel": "Template"
  }
}