[
  {
    "id": "/subscriptions/52bfebd0-e51a-42db-a9d6-7645bfd0ffc2/resourceGroups/RGs/providers/Microsoft.Resources/deployments/Microsoft.Compute-BootDiagnostics-20211110155925/operations/8537B03885F8E514",
    "operationId": "8537B03885F8E514",
    "properties": {
      "provisioningOperation": "Create",
      "provisioningState": "Succeeded",
      "timestamp": "2021-11-10T10:31:14.1706384Z",
      "duration": "PT26.0084338S",
      "trackingId": "6ebbfa34-4bab-4a29-9bb0-6835db0cd0b7",
      "serviceRequestId": "6c9e2254-8a7a-472f-9bf7-1f3ebce153fc",
      "statusCode": "OK",
      "targetResource": {
        "id": "/subscriptions/52bfebd0-e51a-42db-a9d6-7645bfd0ffc2/resourceGroups/RGs/providers/Microsoft.Storage/storageAccounts/diag123",
        "resourceType": "Microsoft.Storage/storageAccounts",
        "resourceName": "diag123"
      }
    }
  },
  {
    "id": "/subscriptions/52bfebd0-e51a-42db-a9d6-7645bfd0ffc2/resourceGroups/RGs/providers/Microsoft.Resources/deployments/Microsoft.Compute-BootDiagnostics-20211110155925/operations/08585650666382909613",
    "operationId": "08585650666382909613",
    "properties": {
      "provisioningOperation": "EvaluateDeploymentOutput",
      "provisioningState": "Succeeded",
      "timestamp": "2021-11-10T10:31:14.657747Z",
      "duration": "PT26.4955424S",
      "trackingId": "6b43fe96-7ae1-4a0f-bb6c-a12dc5cc85aa",
      "statusCode": "OK"
    }
  }
]